player_name,team_name,position,player_age,games_played,at_bats,runs,home_runs,rbi
Whit Merrifield,KC,2B,33,162,664,97,10,74
Marcus Semien,TOR,2B,31,162,652,115,45,102
Tommy Edman,STL,2B,26,159,641,91,11,56
Bo Bichette,TOR,SS,23,159,640,121,29,102
Isiah Kiner-Falefa,TEX,SS,26,158,635,74,8,53
Ozzie Albies,ATL,2B,25,156,629,103,30,106
David Fletcher,LAA,2B,27,157,626,74,2,47
Jonathan Schoop,DET,2B,30,156,623,85,22,84
Salvador Perez,KC,C,31,161,620,88,48,121
Mitch Haniger,SEA,OF,31,157,620,110,39,100
J.P. Crawford,SEA,SS,27,160,619,89,9,54
Vladimir Guerrero,TOR,1B,22,161,604,123,48,111
Kyle Seager,SEA,3B,34,159,603,73,35,101
Paul Goldschmidt,STL,1B,34,158,603,102,31,99
Cedric Mullins,BAL,OF,27,159,602,91,30,59
Jose Altuve,HOU,2B,31,146,601,117,31,83
Freddie Freeman,ATL,1B,32,159,600,120,31,83
DJ LeMahieu,NYY,2B,33,150,597,84,10,57
Nolan Arenado,STL,3B,30,157,593,81,34,105
Rafael Devers,BOS,3B,25,156,591,101,38,113
Austin Riley,ATL,3B,24,160,590,91,33,107
Dansby Swanson,ATL,SS,28,160,588,78,27,88
Jorge Polanco,MIN,SS,28,152,588,97,33,98
Adolis Garcia,TEX,OF,28,149,581,77,31,90
Ty France,SEA,2B,27,152,571,85,18,73
J.D. Martinez,BOS,DH,34,148,570,92,28,99
Jake Cronenworth,SD,2B,28,152,567,94,21,71
Jose Abreu,CWS,1B,35,152,566,86,30,117
Matt Olson,OAK,1B,27,156,565,101,39,111
Carlos Santana,KC,1B,35,158,565,66,19,69
Manny Machado,SD,3B,29,153,564,92,28,106
Pete Alonso,NYM,1B,27,152,561,81,37,94
Bryan Reynolds,PIT,OF,27,159,559,93,24,90
Robbie Grossman,DET,OF,32,156,557,88,23,67
Jeimer Candelario,DET,1B,28,149,557,75,16,67
Nathaniel Lowe,TEX,1B,26,157,557,75,18,72
Trey Mancini,BAL,1B,29,147,556,77,21,71
Carlos Correa,HOU,SS,27,148,555,104,26,92
Jose Ramirez,CLE,3B,29,152,552,111,36,103
Amed Rosario,CLE,SS,26,141,550,77,11,57
Aaron Judge,NYY,OF,29,148,550,89,39,98
Teoscar Hernandez,TOR,OF,29,143,550,92,32,116
Alex Verdugo,BOS,OF,25,146,544,88,13,63
Dylan Carlson,STL,OF,23,149,542,79,18,65
Yordan Alvarez,HOU,OF,24,144,537,92,33,104
Shohei Ohtani,LAA,DH,27,158,537,103,46,100
Brandon Lowe,TB,2B,27,149,535,97,39,99
Ryan Mountcastle,BAL,1B,25,144,534,77,33,89
Justin Turner,LAD,3B,37,151,533,87,27,87
Jonathan India,CIN,2B,25,150,532,98,21,69
Nick Castellanos,CIN,OF,29,138,531,95,34,100
Yuli Gurriel,HOU,1B,37,143,530,83,15,81
Jared Walsh,LAA,1B,28,144,530,70,29,98
Xander Bogaerts,BOS,SS,29,144,529,90,23,79
Matt Chapman,OAK,3B,28,151,529,75,27,72
Randy Arozarena,TB,OF,26,141,529,94,20,69
Ryan McMahon,COL,2B,27,151,528,80,23,86
Tim Anderson,CWS,SS,28,123,527,94,17,61
Trevor Story,COL,SS,29,142,526,88,24,75
Hunter Renfroe,BOS,OF,30,144,521,89,31,96
Yoan Moncada,CWS,3B,26,144,520,74,14,61
Mark Canha,OAK,OF,33,141,519,93,17,61
Austin Meadows,TB,OF,26,142,518,79,27,106
Kevin Newman,PIT,2B,28,148,517,50,5,39
Charlie Blackmon,COL,OF,35,150,514,76,13,78
Jean Segura,PHI,2B,31,131,514,76,14,58
Randal Grichuk,TOR,OF,30,149,511,59,22,81
Giancarlo Stanton,NYY,DH,32,139,510,64,35,97
Eric Hosmer,SD,1B,32,151,509,53,12,65
Enrique Hernandez,BOS,2B,30,134,508,84,20,60
Chris Taylor,LAD,2B,31,148,507,92,20,73
Kyle Tucker,HOU,OF,25,140,506,83,30,92
Eugenio Suarez,CIN,3B,30,145,505,71,31,79
Juan Soto,WAS,OF,23,151,502,111,29,95
Lourdes Gurriel,TOR,OF,28,141,500,62,21,84
Pavin Smith,ARI,1B,26,145,498,68,11,49
Josh Bell,WAS,1B,29,144,498,75,27,88
Max Muncy,LAD,2B,31,144,497,95,36,94
Nicky Lopez,KC,2B,26,151,497,78,2,43
Elvis Andrus,OAK,SS,33,146,497,60,3,37
Miguel Rojas,MIA,SS,33,132,495,66,9,48
Andrew Benintendi,KC,OF,27,134,493,63,17,73
Luis Urias,MIL,SS,24,150,490,77,23,75
Austin Hays,BAL,OF,26,131,488,73,22,71
Bryce Harper,PHI,OF,29,141,488,101,35,84
Raimel Tapia,COL,OF,28,133,487,69,6,50
Hunter Dozier,KC,1B,30,144,487,55,16,54
David Peralta,ARI,OF,34,150,487,57,8,63
Josh Rojas,ARI,2B,27,139,484,69,11,44
Kyle Farmer,CIN,2B,31,147,483,60,16,63
Michael Taylor,KC,OF,30,142,483,58,12,54
Brandon Crawford,SF,SS,35,138,483,79,24,90
Tyler O'Neill,STL,OF,26,138,482,89,34,80
Andrew McCutchen,PHI,OF,35,144,482,78,27,80
Fernando Tatis,SD,SS,23,130,478,99,42,97
J.T. Realmuto,PHI,C,30,134,476,64,17,73
Tommy Pham,SD,OF,33,155,475,74,15,49
Miguel Cabrera,DET,DH,38,130,472,48,15,75
Miguel Sano,MIN,1B,28,135,470,68,30,75
C.J. Cron,COL,1B,32,142,470,70,28,92
Michael Brantley,HOU,OF,34,121,469,68,8,47
Mike Yastrzemski,SF,OF,31,139,468,75,25,71
Mookie Betts,LAD,OF,29,122,466,93,23,58
Ian Happ,CHC,OF,27,148,465,63,25,66
Yandy Diaz,TB,3B,30,134,465,62,13,64
Jazz Chisholm,MIA,2B,24,124,464,70,18,53
Trent Grisham,SD,OF,25,132,462,61,15,62
Avisail Garcia,MIL,OF,30,135,461,68,29,86
Joey Wendle,TB,2B,31,136,460,73,11,54
Gleyber Torres,NYY,SS,25,127,459,50,9,51
Christian Vazquez,BOS,C,31,138,458,51,6,49
Nick Solak,TEX,2B,27,127,458,57,11,49
Jed Lowrie,OAK,2B,37,139,457,55,14,69
Josh Donaldson,MIN,3B,36,135,457,73,26,72
Jonathan Villar,NYM,2B,30,142,454,63,18,42
Garrett Hampson,COL,2B,27,147,453,69,11,33
Francisco Lindor,NYM,SS,28,125,452,73,20,63
Odubel Herrera,PHI,OF,30,124,450,59,13,51
Jesus Aguilar,MIA,1B,31,131,449,49,22,93
Joey Votto,CIN,1B,38,129,448,73,36,99
Dominic Smith,NYM,1B,26,145,446,43,11,58
Kolten Wong,MIL,2B,31,116,445,70,14,50
Wil Myers,SD,OF,31,146,442,56,17,63
Yadier Molina,STL,C,39,121,440,45,11,66
Nick Ahmed,ARI,SS,31,129,434,46,5,38
Luis Arraez,MIN,2B,24,121,428,58,2,42
Max Kepler,MIN,OF,29,121,426,61,19,54
Jose Iglesias,LAA,SS,32,114,424,57,8,41
Jesse Winker,CIN,OF,28,110,423,77,24,71
Manuel Margot,TB,OF,27,125,421,55,10,57
Gio Urshela,NYY,3B,30,116,420,42,14,49
Franmil Reyes,CLE,DH,26,115,418,57,30,85
Bobby Dalbec,BOS,1B,26,133,417,50,25,78
Andrew Vaughn,CWS,1B,23,127,417,56,15,48
Leury Garcia,CWS,SS,30,126,415,60,5,54
Will Smith,LAD,C,26,130,414,71,25,76
Akil Baddoo,DET,OF,23,124,413,60,13,55
Willson Contreras,CHC,C,29,128,413,61,21,57
Willi Castro,DET,SS,24,125,413,56,9,38
Andrelton Simmons,MIN,SS,32,131,412,37,3,31
Tyler Naquin,CIN,OF,30,127,411,52,19,70
Anthony Santander,BAL,OF,27,110,406,54,18,50
Michael Conforto,NYM,OF,28,125,406,52,14,55
Christian Walker,ARI,1B,30,115,401,55,10,46
Christian Yelich,MIL,OF,30,117,399,70,9,51
Buster Posey,SF,C,34,113,395,68,18,56
Sean Murphy,OAK,C,27,119,393,47,17,59
Omar Narvaez,MIL,C,30,123,391,54,11,49
Rhys Hoskins,PHI,1B,28,107,389,64,27,71
Wilmer Flores,SF,2B,30,139,389,57,18,53
Trea Turner,WAS,SS,28,96,388,66,18,49
Brendan Rodgers,COL,2B,25,102,387,49,15,51
Jackie Bradley,MIL,OF,31,134,387,39,6,29
Brett Gardner,NYY,OF,38,140,387,47,10,39
Jeff McNeil,NYM,2B,29,120,386,48,7,35
Adam Frazier,PIT,2B,30,98,386,58,4,32
AJ Pollock,LAD,OF,34,117,384,53,21,69
Gary Sanchez,NYY,C,29,117,383,54,23,54
Alec Bohm,PHI,3B,25,115,380,46,7,47
Pedro Severino,BAL,C,28,113,379,32,11,46
Maikel Franco,BAL,3B,29,104,377,31,11,47
Cesar Hernandez,CLE,2B,31,96,376,60,18,47
James McCann,NYM,C,31,121,375,29,10,46
Jacob Stallings,PIT,C,32,112,374,38,8,53
Martin Maldonado,HOU,C,35,125,373,40,12,36
Eduardo Escobar,ARI,3B,33,98,370,50,22,65
Didi Gregorius,PHI,SS,32,103,368,35,13,54
Harrison Bader,STL,OF,27,103,367,45,16,50
Willy Adames,MIL,SS,26,99,365,61,20,58
Ke'Bryan Hayes,PIT,3B,25,96,362,49,6,38
Paul DeJong,STL,SS,28,113,356,44,19,45
Jurickson Profar,SD,2B,29,137,353,47,4,33
Corey Seager,LAD,SS,27,95,353,54,16,57
Eric Haase,DET,C,29,98,351,48,22,61
Tyler Stephenson,CIN,C,25,132,350,56,10,45
Alex Bregman,HOU,3B,27,91,348,54,12,55
Tucker Barnhart,CIN,C,31,116,348,41,7,48
Kevin Kiermaier,TB,OF,31,122,348,54,4,37
Luis Torrens,SEA,C,25,108,346,39,15,47
Phil Gosselin,LAA,OF,33,104,345,40,7,47
Ramon Laureano,OAK,OF,27,88,341,43,14,39
Ketel Marte,ARI,2B,28,90,340,52,14,50
Harold Ramirez,CLE,OF,27,99,339,33,7,41
Patrick Wisdom,CHC,1B,30,106,338,54,28,61
Elias Diaz,COL,C,31,106,338,52,18,44
Jarred Kelenic,SEA,OF,22,93,337,41,14,43
LaMonte Wade,SF,OF,28,109,336,52,18,56
Gregory Polanco,PIT,OF,30,107,336,38,11,36
Javier Baez,CHC,SS,29,91,335,48,22,65
Gavin Lux,LAD,2B,24,102,335,49,7,46
Mike Zunino,TB,C,30,109,333,64,33,62
Dylan Moore,SEA,2B,29,126,332,42,12,43
Brad Miller,PHI,3B,32,140,331,53,20,49
Tony Kemp,OAK,2B,30,131,330,54,8,37
Kris Bryant,CHC,3B,30,93,326,58,18,51
Ben Gamel,PIT,OF,29,111,326,42,8,26
Brandon Nimmo,NYM,OF,28,92,325,51,8,28
Brandon Belt,SF,1B,33,97,325,65,29,59
Kevin Pillar,NYM,OF,33,124,325,40,15,47
Myles Straw,HOU,OF,27,98,325,44,2,34
Anthony Rizzo,CHC,1B,32,92,323,41,14,40
Jason Heyward,CHC,OF,32,104,323,35,8,30
Rougned Odor,NYY,2B,28,102,322,42,15,39
Josh Harrison,WAS,2B,34,90,320,39,6,38
Alcides Escobar,WAS,SS,35,75,319,53,4,28
Justin Upton,LAA,OF,34,89,318,47,17,41
Ronald Torreyes,PHI,SS,29,112,318,30,7,41
Colin Moran,PIT,1B,29,99,318,29,10,50
Harold Castro,DET,OF,28,106,315,35,3,37
Cody Bellinger,LAD,1B,26,95,315,39,10,36
Victor Robles,WAS,OF,24,107,315,37,2,19
Starlin Castro,WAS,2B,31,87,315,25,3,38
Adam Duvall,MIA,OF,33,91,314,41,22,68
Victor Caratini,SD,C,28,116,313,33,7,39
Joey Gallo,TEX,OF,28,95,310,57,25,55
Juan Lagares,LAA,OF,32,112,309,39,6,38
Jorge Soler,KC,OF,30,94,308,38,13,37
Donovan Solano,SF,2B,34,101,307,35,7,31
Guillermo Heredia,ATL,OF,31,120,305,46,5,26
Carson Kelly,ARI,C,27,98,304,41,13,46
Yonathan Daza,COL,OF,27,107,301,26,2,30
Bradley Zimmer,CLE,OF,29,99,299,44,8,35
George Springer,TOR,OF,32,78,299,59,22,50
Ronald Acuna,ATL,OF,24,82,297,72,24,52
Rafael Ortega,CHC,OF,30,103,296,44,11,33
Nelson Cruz,MIN,DH,41,85,296,44,19,50
Jorge Alfaro,MIA,C,28,92,295,22,4,30
Aledmys Diaz,HOU,2B,31,84,294,28,8,45
David Bote,CHC,2B,28,97,291,32,8,35
Niko Goodrum,DET,2B,29,90,290,39,9,33
Matt Duffy,CHC,3B,31,97,289,45,5,30
Edmundo Sosa,STL,2B,25,113,288,39,6,27
Austin Hedges,CLE,C,29,88,286,32,10,31
Jose Trevino,TEX,C,29,89,285,23,5,30
Daulton Varsho,ARI,C,25,95,284,41,11,38
Chas McCormick,HOU,OF,26,108,284,47,14,50
Asdrubal Cabrera,ARI,3B,36,90,283,34,7,40
Alex Dickerson,SF,OF,31,111,283,37,13,38
Eddie Rosario,CLE,OF,30,78,283,29,7,46
Max Stassi,LAA,C,30,87,282,45,13,35
Wander Franco,TB,SS,20,70,281,53,7,39
Seth Brown,OAK,OF,29,111,281,43,20,48
Yasmani Grandal,CWS,C,33,93,279,60,23,62
Tom Murphy,SEA,C,30,97,277,35,11,34
Luis Robert,CWS,OF,24,68,275,42,13,43
Austin Slater,SF,OF,29,129,274,39,12,32
Lewis Brinson,MIA,OF,27,89,274,24,9,33
Josh VanMeter,ARI,2B,26,112,274,26,6,36
Joshua Fuentes,COL,1B,29,95,271,30,7,33
DJ Stewart,BAL,OF,28,100,270,39,12,33
Steven Duggar,SF,OF,28,107,268,45,8,35
Ryan Jeffers,MIN,C,24,85,267,28,14,35
Ha-Seong Kim,SD,SS,26,117,267,27,8,34
Kyle Schwarber,WAS,OF,28,72,265,42,25,53
Jonah Heim,TEX,C,26,82,265,22,10,32
Yadiel Hernandez,WAS,OF,34,112,264,33,9,32
Darin Ruf,SF,OF,35,117,262,41,16,43
Ramon Urias,BAL,2B,27,85,262,33,7,38
Trevor Larnach,MIN,OF,24,79,260,29,7,28
Willie Calhoun,TEX,OF,27,75,260,26,6,25
Pat Valaika,BAL,2B,29,91,259,17,5,25
Jace Peterson,MIL,OF,31,94,259,36,6,31
Ji-Man Choi,TB,1B,30,83,258,36,11,45
Lorenzo Cain,MIL,OF,35,78,257,40,8,36
Joc Pederson,CHC,OF,29,73,256,35,11,39
Ryan Zimmerman,WAS,1B,37,110,255,27,14,46
Evan Longoria,SF,3B,36,81,253,45,13,46
Andy Ibanez,TEX,2B,28,76,253,31,7,25
Brett Phillips,TB,OF,27,119,253,50,13,44
Francisco Mejia,TB,C,26,84,250,31,6,35
Cavan Biggio,TOR,2B,26,79,250,27,7,27
Freddy Galvis,BAL,2B,32,72,249,36,9,26
Charlie Culberson,TEX,OF,32,91,247,23,5,22
Bobby Bradley,CLE,1B,25,74,245,36,16,41
Tyrone Taylor,MIL,OF,28,93,243,33,12,43
Marwin Gonzalez,BOS,2B,32,77,242,25,2,20
Hanser Alberto,KC,2B,29,103,241,25,2,24
Yermin Mercedes,CWS,DH,29,68,240,26,7,37
Myles Straw,CLE,OF,27,60,239,42,2,14
Isan Diaz,MIA,2B,25,89,238,25,4,17
Yu Chang,CLE,3B,26,89,237,32,9,39
Ryan O'Hearn,KC,1B,28,84,236,23,9,29
Brandon Marsh,LAA,OF,24,70,236,27,2,19
Luis Garcia,WAS,2B,21,70,236,29,6,22
Byron Buxton,MIN,OF,28,61,235,50,19,32
Brock Holt,TEX,3B,33,77,235,21,2,23
Brian Goodwin,CWS,OF,31,72,235,33,8,29
Starling Marte,OAK,OF,33,56,234,37,5,30
Starling Marte,MIA,OF,33,64,233,52,7,25
Josh Naylor,CLE,OF,24,69,233,28,7,21
Jon Berti,MIA,2B,32,85,233,35,4,19
Brian Anderson,MIA,3B,28,67,233,24,7,28
Jack Mayfield,LAA,SS,31,75,232,28,10,36
Mitch Moreland,OAK,1B,36,81,229,28,10,30
Dom Nunez,COL,C,27,81,228,31,10,33
Jesus Sanchez,MIA,OF,24,64,227,27,14,36
Abraham Toro,SEA,3B,25,60,226,28,5,26
Frank Schwindel,CHC,1B,29,56,222,42,13,40
Santiago Espinal,TOR,SS,27,92,222,32,2,17
Sergio Alcantara,CHC,SS,25,89,220,30,5,17
Erik Gonzalez,PIT,SS,30,71,220,17,2,21
Tommy La Stella,SF,2B,33,76,220,26,7,27
Wilmer Difo,PIT,SS,29,116,219,25,4,24
Kurt Suzuki,LAA,C,38,72,219,17,6,16
Yan Gomes,WAS,C,34,63,218,30,9,35
Anthony Rendon,LAA,3B,31,58,217,24,6,34
Carter Kieboom,WAS,3B,24,62,217,26,6,20
Nelson Cruz,TB,DH,41,55,217,35,13,36
Alex Kirilloff,MIN,OF,24,59,215,23,8,34
Garrett Cooper,MIA,1B,31,71,215,30,9,33
Daniel Vogelbach,MIL,1B,29,93,215,30,9,24
Oscar Mercado,CLE,OF,27,72,214,27,6,19
Chad Pinder,OAK,2B,29,75,214,30,6,27
Phillip Evans,PIT,3B,29,76,214,23,5,16
Jake Fraley,SEA,OF,26,78,214,27,9,36
Sam Hilliard,COL,OF,28,81,214,32,14,34
Luke Voit,NYY,1B,31,68,213,26,11,35
Eloy Jimenez,CWS,OF,25,55,213,23,10,37
Michael Perez,PIT,C,29,70,210,19,7,21
Travis d'Arnaud,ATL,C,33,60,209,21,7,26
Magneuris Sierra,MIA,OF,25,123,209,27,0,5
Victor Reyes,DET,OF,27,76,209,26,5,22
Willians Astudillo,MIN,C,30,73,208,17,7,21
Taylor Ward,LAA,OF,28,65,208,33,8,33
Jorge Soler,ATL,OF,30,55,208,36,14,33
Mitch Garver,MIN,C,31,68,207,29,13,34
Matt Carpenter,STL,3B,36,130,207,18,3,21
Trea Turner,LAD,SS,28,52,207,41,10,28
Corey Dickerson,MIA,OF,32,63,205,27,2,14
David Dahl,TEX,OF,27,63,205,19,4,18
Matt Beaty,LAD,1B,28,120,204,35,7,40
Sandy Leon,MIA,C,32,84,202,15,4,14
Curt Casali,SF,C,33,77,200,20,5,26
Nick Gordon,MIN,SS,26,73,200,19,4,23
Austin Barnes,LAD,C,32,77,200,28,6,23
Nick Madrigal,CWS,2B,24,54,200,30,2,21
Bryan De La Cruz,MIA,OF,25,58,199,17,5,19
Adam Duvall,ATL,OF,33,55,199,26,16,45
Reese McGuire,TOR,C,26,78,198,22,1,10
Eli White,TEX,OF,27,64,198,26,6,15
DJ Peters,TEX,OF,26,52,197,24,12,34
Zack Collins,CWS,DH,27,78,195,25,4,26
Cesar Hernandez,CWS,2B,31,53,194,24,3,15
Kyle Higashioka,NYY,C,31,67,193,20,10,29
Andrew Stevenson,WAS,OF,27,109,192,22,5,23
Adam Frazier,SD,2B,30,57,191,25,1,11
Owen Miller,CLE,2B,25,60,191,17,4,18
Albert Pujols,LAD,1B,42,85,189,20,12,38
Brent Rooker,MIN,OF,27,58,189,25,9,16
Adam Eaton,CWS,OF,33,58,189,33,5,28
Marcell Ozuna,ATL,OF,31,48,188,21,7,26
Joey Gallo,NYY,OF,28,58,188,33,13,22
Andres Gimenez,CLE,SS,23,68,188,23,5,16
Kris Bryant,SF,3B,30,51,187,28,7,22
Josh Harrison,OAK,2B,34,48,185,19,2,22
Danny Jansen,TOR,C,26,70,184,32,11,28
Mike Moustakas,CIN,2B,33,62,183,21,6,22
Clint Frazier,NYY,OF,27,66,183,20,5,15
Jake Bauers,SEA,1B,26,72,182,20,2,13
Ehire Adrianza,ATL,SS,32,109,182,32,5,28
Manny Pina,MIL,C,34,75,180,27,13,33
Eduardo Escobar,MIL,3B,33,48,179,27,6,25
J.D. Davis,NYM,3B,28,73,179,18,5,23
Connor Joe,COL,OF,29,63,179,23,8,35
Travis Shaw,MIL,3B,31,56,178,14,6,28
Lane Thomas,WAS,OF,26,45,178,33,7,27
Mauricio Dubon,SF,2B,27,74,175,20,5,22
Aristides Aquino,CIN,OF,27,84,174,25,10,23
Leody Taveras,TEX,OF,23,49,174,14,3,9
Luis Rengifo,LAA,2B,24,54,174,22,6,18
Keston Hiura,MIL,2B,25,61,173,16,4,19
Austin Nola,SD,C,32,56,173,15,2,29
Stephen Piscotty,OAK,OF,31,72,173,14,5,16
Joc Pederson,ATL,OF,29,64,173,20,7,22
Anthony Rizzo,NYY,1B,32,49,173,32,8,21
Ryan McKenna,BAL,OF,25,90,169,20,2,14
Eric Sogard,CHC,2B,35,78,169,16,1,12
Jose Rojas,LAA,3B,29,61,168,26,6,15
Javier Baez,NYM,SS,29,47,167,32,9,22
Kole Calhoun,ARI,OF,34,51,166,17,5,17
Nomar Mazara,DET,OF,26,50,165,12,3,19
Alejandro Kirk,TOR,C,23,60,165,19,8,24
Danny Mendick,CWS,2B,28,71,164,14,2,20
Jake Cave,MIN,OF,29,76,164,14,3,13
Christian Arroyo,BOS,3B,26,57,164,22,6,25
William Contreras,ATL,C,24,52,163,19,8,23
Shogo Akiyama,CIN,OF,33,88,162,16,0,12
Andrew Knizner,STL,C,27,63,161,18,1,9
Gavin Sheets,CWS,OF,25,54,160,23,11,34
Rowdy Tellez,MIL,1B,26,56,158,22,7,28
Zach McKinstry,LAD,2B,26,60,158,19,7,29
Kevin Plawecki,BOS,C,30,64,157,15,3,15
Taylor Trammell,SEA,OF,24,51,156,23,8,18
Zack Short,DET,SS,26,61,156,21,6,20
Miguel Andujar,NYY,OF,26,45,154,19,6,12
Tomas Nido,NYM,C,27,58,153,16,3,13
Taylor Walls,TB,SS,25,54,152,15,1,15
Mike Tauchman,SF,OF,31,64,152,21,4,15
Josh Reddick,ARI,OF,35,54,151,15,2,21
Mike Brosseau,TB,2B,27,57,150,21,5,18
Nico Hoerner,CHC,2B,24,44,149,13,0,16
Jason Castro,HOU,C,34,66,149,22,8,21
Abraham Almonte,ATL,OF,32,64,148,20,5,19
Jake Meyers,HOU,OF,25,49,146,22,6,28
Andrew Knapp,PHI,C,30,62,145,13,2,11
Jason Martin,TEX,OF,26,58,144,14,6,17
Yonny Hernandez,TEX,2B,23,43,143,15,0,6
Jose Peraza,NYM,2B,27,64,142,21,6,20
Roberto Perez,CLE,C,33,44,141,13,7,17
Derek Hill,DET,OF,26,49,139,19,3,14
Rowdy Tellez,TOR,1B,26,50,139,12,4,8
Rob Refsnyder,MIN,OF,30,51,139,21,2,12
Cal Raleigh,SEA,C,25,47,139,6,2,13
Kelvin Gutierrez,BAL,3B,27,47,137,14,2,12
Kelvin Gutierrez,KC,3B,27,38,135,9,1,8
Kyle Schwarber,BOS,OF,28,41,134,34,7,18
Anthony Alford,PIT,OF,27,49,133,14,5,11
Stephen Vogt,ARI,C,37,52,132,17,5,17
Willy Adames,TB,SS,26,41,132,16,5,15
Luis Guillorme,NYM,2B,27,69,132,13,1,5
Yan Gomes,OAK,C,34,40,131,19,5,17
Corey Dickerson,TOR,OF,32,46,131,16,4,15
Travis Jankowski,PHI,OF,30,76,131,24,1,10
Jo Adell,LAA,OF,22,35,130,17,4,26
Kyle Lewis,SEA,OF,26,36,130,15,5,11
Austin Wynns,BAL,C,31,45,130,14,4,14
Jake Marisnick,CHC,OF,30,65,128,17,5,22
Billy Hamilton,CWS,OF,31,71,127,23,2,11
Tyler Wade,NYY,2B,27,103,127,31,0,5
Hoy Park,PIT,SS,25,44,127,16,3,14
Franchy Cordero,BOS,OF,27,48,127,12,1,9
Yoshi Tsutsugo,PIT,3B,30,43,127,20,8,25
Adalberto Mondesi,KC,3B,26,35,126,19,6,17
Max Schrock,CIN,2B,27,53,125,19,3,14
Adam Engel,CWS,OF,30,39,123,21,7,18
Lewin Diaz,MIA,1B,25,40,122,16,8,13
Joe Panik,MIA,2B,31,53,122,8,1,7
Jarrod Dyson,KC,OF,37,77,122,13,0,10
Thairo Estrada,SF,2B,26,52,121,19,7,22
Ernie Clement,CLE,SS,25,40,121,16,3,9
Wilson Ramos,DET,C,34,35,120,12,6,13
Justin Williams,STL,OF,26,51,119,10,4,11
Jordy Mercer,WAS,SS,35,46,118,13,2,9
Tim Locastro,ARI,OF,29,55,118,11,1,5
Nick Maton,PHI,SS,25,52,117,16,2,14
Mike Trout,LAA,OF,30,36,117,23,8,18
Cole Tucker,PIT,OF,25,43,117,15,2,12
Danny Santana,BOS,1B,31,38,116,15,5,14
Joe Panik,TOR,2B,31,42,114,9,2,11
Jake Lamb,CWS,3B,31,43,113,20,6,13
Jake Rogers,DET,C,26,38,113,17,6,17
Cam Gallagher,KC,C,29,48,112,9,1,7
Nick Senzel,CIN,OF,26,36,111,18,1,8
Shed Long,SEA,2B,26,34,111,13,4,17
John Nogowski,PIT,1B,29,33,111,12,1,14
Lars Nootbaar,STL,OF,24,58,109,15,5,15
Abraham Toro,HOU,3B,25,35,109,17,6,20
Alex Jackson,MIA,C,26,42,108,11,3,12
Aaron Hicks,NYY,OF,32,32,108,13,4,14
Freddy Galvis,PHI,2B,32,32,107,17,5,14
Jorge Mateo,BAL,OF,26,32,107,9,2,8
Jarren Duran,BOS,OF,25,33,107,17,2,10
Robel Garcia,HOU,2B,28,47,106,8,1,8
Jose Marmolejos,SEA,OF,29,41,106,11,4,12
Daz Cameron,DET,OF,25,35,103,16,4,13
Taylor Jones,HOU,1B,28,35,102,11,2,16
Edward Olivares,KC,OF,25,39,101,14,5,12
JaCoby Jones,DET,OF,29,36,100,9,2,9
Jake Bauers,CLE,1B,26,43,100,7,2,6
Kyle Garlick,MIN,OF,30,36,99,17,5,10
Richie Martin,BAL,SS,27,37,98,9,1,8
Luke Williams,PHI,3B,25,58,98,8,1,6
Jordan Luplow,CLE,OF,28,36,98,12,7,20
Evan White,SEA,1B,25,30,97,8,2,9
Robinson Chirinos,CHC,C,37,45,97,13,5,15
Gerardo Parra,WAS,OF,34,53,97,13,2,10
Eddie Rosario,ATL,OF,30,33,96,13,7,16
Seby Zavala,CWS,C,28,37,93,15,5,15
Ka'ai Tom,PIT,OF,27,39,92,9,2,11
Billy McKinney,MIL,OF,27,40,92,9,3,6
Billy McKinney,NYM,OF,27,39,91,15,5,14
Kevan Smith,ATL,C,33,30,91,6,0,3
Tres Barrera,WAS,C,27,30,91,8,2,10
Andrew Young,ARI,2B,27,58,91,13,6,15
Emmanuel Rivera,KC,3B,25,29,90,13,1,5
Rio Ruiz,BAL,3B,27,32,90,10,3,6
Ben Rortvedt,MIN,C,24,39,89,8,3,7
Alex Avila,WAS,C,35,34,89,5,1,9
Aramis Garcia,OAK,C,29,32,88,8,3,7
Jorge Mateo,SD,OF,26,57,87,10,2,6
Breyvic Valera,TOR,2B,30,39,87,10,1,15
Sam Haggerty,SEA,OF,27,35,86,15,2,5
Albert Pujols,LAA,1B,42,24,86,9,5,12
Rodolfo Castro,PIT,2B,22,31,86,9,5,8
Brandon Drury,NYM,3B,29,51,84,7,4,14
Billy McKinney,LAD,OF,27,37,82,8,1,7
Keibert Ruiz,WAS,C,23,23,81,9,2,14
Jose Rondon,STL,2B,27,63,80,13,3,9
Ender Inciarte,ATL,OF,31,52,79,11,2,10
Patrick Mazeika,NYM,C,28,37,79,6,1,6
Michael Chavis,BOS,2B,26,31,79,12,2,6
Yoshi Tsutsugo,TB,3B,30,26,78,5,0,5
Stephen Vogt,ATL,C,37,26,78,7,2,8
Pablo Reyes,MIL,OF,28,53,78,12,1,3
Daniel Johnson,CLE,OF,26,30,77,9,4,5
Kyle Isbel,KC,OF,24,28,76,16,1,7
Yohel Pozo,TEX,C,24,21,74,8,1,9
Pablo Sandoval,ATL,1B,35,69,73,11,4,11
Jason Vosler,SF,3B,28,41,73,12,3,9
Daniel Robertson,MIL,2B,27,50,73,10,2,4
Isaac Paredes,DET,3B,23,23,72,7,1,5
Grayson Greiner,DET,C,29,31,72,7,1,7
Stevie Wilkerson,BAL,OF,30,31,72,5,0,2
Matt Vierling,PHI,OF,25,34,71,11,2,6
Riley Adams,WAS,C,25,35,71,11,2,10
Alex Blandino,CIN,2B,29,43,70,9,0,5
Orlando Arcia,ATL,SS,27,32,70,9,2,13
Jonathan Davis,TOR,OF,29,52,70,16,1,4
Drew Ellis,ARI,3B,26,28,69,10,1,5
Webster Rivas,SD,C,31,24,68,8,2,4
Andrew Velazquez,NYY,SS,27,28,67,11,1,6
Jahmai Jones,BAL,2B,24,26,67,5,0,3
Luke Raley,LAD,OF,27,33,66,5,2,4
Jonathan Arauz,BOS,2B,23,28,65,9,3,8
Jordan Luplow,TB,OF,28,26,65,11,4,8
Sheldon Neuse,LAD,2B,27,33,65,6,3,4
Domingo Leyba,BAL,2B,26,21,65,6,1,4
Chance Sisco,BAL,C,27,23,65,4,0,3
Adam Eaton,LAA,OF,33,26,65,5,1,2
Eddy Alvarez,MIA,2B,32,24,64,8,1,6
Cristian Pache,ATL,OF,23,22,63,6,1,4
Donovan Walton,SEA,SS,27,24,63,6,2,7
Dustin Garneau,DET,C,34,20,62,9,6,11
Will Craig,PIT,1B,27,18,60,5,1,3
Mike Ford,NYY,1B,29,22,60,6,3,5
Austin Romine,CHC,C,33,28,60,5,1,5
Kean Wong,LAA,2B,26,32,60,3,0,6
Chad Wallach,MIA,C,30,23,60,2,0,6
Andrew Romine,CHC,SS,36,26,60,7,1,5
Jake McCarthy,ARI,OF,24,24,59,11,2,4
Jose Iglesias,BOS,SS,32,23,59,8,1,7
Mike Freeman,CIN,2B,34,37,59,6,0,3
Gilberto Celestino,MIN,OF,23,23,59,7,2,3
Skye Bolt,OAK,OF,28,32,56,5,1,4
Matt Joyce,PHI,OF,37,43,55,6,2,7
Rene Rivera,CLE,C,38,21,55,6,2,9
Renato Nunez,DET,1B,27,14,53,7,4,7
Albert Almora,NYM,OF,27,47,52,3,0,0
Roman Quinn,PHI,OF,28,28,52,8,0,2
Rafael Marchan,PHI,C,23,20,52,7,1,4
Edwin Rios,LAD,3B,27,25,51,4,1,1
Khris Davis,OAK,DH,34,20,51,3,1,5
Khris Davis,TEX,DH,34,22,51,8,2,5
Brian O'Grady,SD,OF,29,32,51,8,2,9
Henry Ramos,ARI,OF,29,18,50,5,1,8
Jose Barrero,CIN,SS,23,21,50,4,0,3
Jake Marisnick,SD,OF,30,34,48,4,0,2
Lane Thomas,STL,OF,26,32,48,2,0,1
Delino DeShields,CIN,OF,29,25,47,4,1,6
Jose Siri,HOU,OF,26,21,46,10,4,9
Alan Trejo,COL,SS,25,28,46,7,1,3
Curtis Terry,TEX,1B,25,13,45,3,0,1
Alfonso Rivas,CHC,1B,25,18,44,7,1,3
Tucupita Marcano,SD,2B,22,25,44,7,0,3
Ildemaro Vargas,ARI,2B,30,18,43,4,0,4
Chris Owings,COL,2B,30,21,43,9,1,5
Travis Shaw,BOS,3B,31,28,42,6,3,11
Wyatt Mathisen,ARI,3B,28,23,42,3,1,8
Michael Chavis,PIT,2B,26,12,42,4,1,5
Dustin Fowler,PIT,OF,27,18,41,3,0,2
Jose Devers,MIA,SS,22,21,41,7,0,5
Sebastian Rivero,KC,C,23,17,40,1,0,3
Jared Oliva,PIT,OF,26,20,40,4,0,2
Jake Burger,CWS,3B,25,15,38,5,1,3
Greg Allen,NYY,OF,28,15,37,9,0,2
Colton Welker,COL,1B,24,19,37,7,0,2
Nick Martini,CHC,OF,31,25,37,4,0,4
Jose Godoy,SEA,C,27,16,37,2,0,3
Chris Gittens,NYY,1B,28,16,36,1,1,5
Michael Hermosillo,CHC,OF,27,16,36,5,3,7
Matt Adams,COL,DH,33,22,36,3,0,2
Todd Frazier,PIT,3B,36,13,35,3,0,4
Rio Ruiz,COL,3B,27,30,35,1,0,4
Adrian Sanchez,WAS,3B,31,16,35,5,0,1
Josh Palacios,TOR,OF,26,13,35,7,0,4
Nick Heath,ARI,OF,28,20,35,3,0,1
Jack Mayfield,SEA,SS,31,12,34,2,0,3
Jay Bruce,NYY,OF,34,10,34,3,1,3
Garrett Stubbs,HOU,C,28,18,34,2,0,3
Luis Campusano,SD,C,23,11,34,0,0,1
Marwin Gonzalez,HOU,2B,32,14,34,5,3,8
Scott Schebler,LAA,OF,31,14,34,3,0,0
Steven Souza,LAD,OF,32,17,33,2,1,3
Mason Williams,NYM,OF,30,17,33,3,1,1
Mickey Moniak,PHI,OF,23,21,33,3,1,3
Kevin Smith,TOR,SS,25,18,32,2,1,1
Drew Butera,LAA,C,38,12,32,1,0,5
Vimael Machin,OAK,3B,28,15,32,1,0,1
Romy Gonzalez,CWS,SS,25,10,32,4,0,2
Nick Fortes,MIA,C,25,14,31,6,4,7
Geraldo Perdomo,ARI,SS,22,11,31,5,0,1
Johneshwy Fargas,CHC,OF,27,15,31,3,0,2
Wilson Ramos,CLE,C,34,9,31,3,2,7
TJ Friedl,CIN,OF,26,14,31,9,1,2
Bryan Holaday,ARI,C,34,13,31,2,0,1
John Hicks,TEX,C,32,10,31,6,4,7
Jake Lamb,TOR,3B,31,12,31,5,1,6
Greg Deichmann,CHC,OF,26,14,30,0,0,1
Scott Heineman,CIN,OF,29,19,30,5,2,3
Luke Maile,MIL,C,31,15,30,6,0,3
Austin Dean,STL,OF,28,22,30,5,1,7
Riley Adams,TOR,C,25,12,28,2,0,0
Ryan Lavarnway,CLE,C,34,9,28,2,0,0
Trayce Thompson,CHC,OF,30,15,28,6,4,9
Cameron Maybin,NYM,OF,34,9,28,2,0,0
Anthony Bemboom,LAA,C,32,8,27,2,0,2
Asdrubal Cabrera,CIN,3B,36,20,26,0,0,2
Vidal Brujan,TB,2B,24,10,26,3,0,2
DJ Peters,LAD,OF,26,18,26,5,1,4
Jacob Nottingham,SEA,C,26,10,26,3,1,2
Yoshi Tsutsugo,LAD,3B,30,12,25,2,0,2
Tony Wolters,CHC,C,29,14,24,3,0,0
Alex Jackson,ATL,C,26,10,23,2,0,0
Travis Blankenhorn,NYM,3B,25,23,23,3,1,4
P.J. Higgins,CHC,C,28,9,23,1,0,0
Alejo Lopez,CIN,2B,25,14,23,3,0,0
Mark Payton,CIN,OF,30,24,22,2,0,0
Domingo Leyba,ARI,2B,26,13,22,0,0,0
Ryan LaMarre,NYY,OF,33,9,21,3,2,4
Adam Haseley,PHI,OF,25,9,21,2,0,0
Ildemaro Vargas,CHC,2B,30,9,21,3,0,2
Johneshwy Fargas,NYM,OF,27,7,21,1,0,3
Tim Locastro,NYY,OF,29,9,21,4,1,2
Frank Schwindel,OAK,1B,29,8,20,2,1,3
Dexter Fowler,LAA,OF,35,7,20,3,0,1
Estevan Florial,NYY,OF,24,11,20,3,1,2
Taylor Motter,COL,SS,32,13,20,2,0,0
Rob Brantly,NYY,C,32,6,20,0,0,0
Hernan Perez,WAS,2B,30,10,19,1,0,0
Scott Kingery,PHI,2B,27,15,19,1,0,0
Troy Stokes,PIT,OF,26,8,18,2,0,2
Khalil Lee,NYM,OF,23,11,18,2,0,1
Jake Hager,ARI,SS,28,9,18,1,0,2
John Nogowski,STL,1B,29,19,18,2,0,0
Chadwick Tromp,SF,C,26,9,18,1,1,2
Jonathan Davis,NYY,OF,29,12,17,4,0,0
Ka'ai Tom,OAK,OF,27,9,16,1,0,1
Deven Marrero,MIA,SS,31,10,16,4,1,1
Ronald Guzman,TEX,1B,27,7,16,1,1,1
Anderson Tejeda,TEX,SS,23,5,16,1,0,0
Johan Camargo,ATL,2B,28,15,16,1,0,0
Max Moroff,STL,2B,28,6,16,0,0,1
Stuart Fairchild,ARI,OF,25,12,15,3,0,2
Payton Henry,MIA,C,24,5,15,0,0,0
Tyler Nevin,BAL,1B,24,6,14,3,1,3
Jacob Nottingham,MIL,C,26,5,14,2,2,4
Mike Tauchman,NYY,OF,31,11,14,1,0,0
Ben Gamel,CLE,OF,29,11,14,1,0,0
Jon Jay,LAA,OF,36,5,14,2,0,1
Jonathan Lucroy,WAS,C,35,5,14,0,0,2
Rene Rivera,WAS,C,38,4,14,2,0,0
Jarrod Dyson,TOR,OF,37,25,13,4,0,0
Jack Lopez,BOS,2B,29,7,13,2,0,0
Trent Giambrone,CHC,2B,28,5,13,0,0,0
Jacob Wilson,HOU,3B,31,6,13,2,0,1
Connor Wong,BOS,C,25,6,13,3,0,1
Ildemaro Vargas,PIT,2B,30,7,13,0,0,1
Kevin Padlo,TB,3B,25,9,12,1,0,0
Brian Miller,MIA,OF,26,5,11,1,0,0
Orlando Arcia,MIL,SS,27,4,11,0,0,1
Andy Burns,LAD,3B,31,9,11,2,0,0
Wilfredo Tovar,NYM,SS,30,6,11,0,0,1
Yairo Munoz,BOS,OF,27,5,11,0,0,0
Jorge Bonifacio,PHI,OF,28,7,11,0,0,2
Eric Campbell,SEA,1B,34,4,11,1,0,0
Pete Kozma,OAK,SS,33,3,11,0,0,0
Jose Lobaton,CHC,C,37,6,11,1,0,0
Tim Lopes,MIL,OF,27,7,10,1,0,0
Zach Reks,LAD,OF,28,6,10,2,0,0
Nick Williams,CWS,OF,28,4,10,2,0,0
Monte Harrison,MIA,OF,26,9,10,0,0,0
Jaylin Davis,SF,OF,27,5,9,1,0,0
Oneil Cruz,PIT,SS,23,2,9,2,1,3
Chance Sisco,NYM,C,27,5,9,1,0,1
Dillon Thomas,SEA,OF,29,4,9,2,0,2
Seth Beer,ARI,OF,25,5,9,4,1,3
Jeff Mathis,ATL,C,38,3,9,0,0,0
Erick Castillo,CHC,C,29,4,8,0,0,0
Jake Hager,NYM,SS,28,5,8,1,0,0
Derek Fisher,MIL,OF,28,4,8,1,0,1
Luis Gonzalez,CWS,OF,26,6,8,2,0,0
Luis Barrera,OAK,OF,26,6,8,1,0,0
Austin Allen,OAK,C,28,4,8,2,1,1
Ryan McBroom,KC,1B,29,7,8,1,0,0
Jacob Robson,DET,OF,27,4,7,1,0,0
Keibert Ruiz,LAD,C,23,6,7,1,1,1
Matt Thaiss,LAA,C,26,3,7,1,0,0
Jacob Wilson,OAK,3B,31,6,7,1,0,0
John Andreoli,SD,OF,31,7,6,2,0,0
JT Riddle,MIN,3B,30,4,6,1,0,0
Ryan Vilade,COL,OF,23,3,6,0,0,0
Taylor Motter,BOS,SS,32,3,6,3,0,1
Alex De Goti,HOU,2B,27,2,6,2,0,1
Ryan Dorow,TEX,SS,26,3,6,0,0,0
Joey Bart,SF,C,25,2,6,1,0,1
Luis Marte,MIA,SS,28,4,6,2,0,0
Taylor Davis,PIT,C,32,2,5,0,0,0
Jonathan Lucroy,ATL,C,35,2,5,2,0,1
Scott Hurst,STL,OF,25,7,5,0,0,0
Ronnie Dawson,HOU,OF,26,3,5,2,0,0
Nick Ciuffo,BAL,C,26,2,5,0,0,0
Ali Sanchez,STL,C,25,2,4,0,0,0
Braden Bishop,SEA,OF,28,8,4,1,0,0
Patrick Kivlehan,SD,3B,32,5,4,3,0,2
Taylor Gushue,CHC,C,28,2,4,0,0,0
Kevan Smith,TB,C,33,3,4,2,0,0
Hunter Owen,PIT,3B,28,3,4,0,0,0
Trey Amburgey,NYY,OF,27,2,4,0,0,0
Ivan Castillo,SD,2B,26,3,3,0,0,1
Humberto Arteaga,WAS,SS,28,1,3,0,0,1
Jared Hoying,TOR,OF,32,2,3,0,0,0
Jakson Reetz,WAS,C,26,2,2,1,0,0
Corey Ray,MIL,OF,27,1,2,1,0,0
Sean Kazmar,ATL,SS,37,3,2,0,0,0
Tyler Payne,CHC,C,29,1,2,0,0,0
Joe Odom,TB,C,30,2,2,0,0,0
Otto Lopez,TOR,2B,23,1,1,0,0,0
Cody Wilson,WAS,OF,25,1,1,0,0,0
Josh Lowe,TB,OF,24,2,1,0,0,0
Kevin Padlo,SEA,3B,25,1,1,0,0,0
Hoy Park,NYY,SS,25,1,1,0,0,0
Skye Bolt,SF,OF,28,2,1,0,0,0
Tyler Ladendorf,CHC,2B,33,1,1,0,0,0
Mario Feliciano,MIL,C,23,1,0,1,0,0